{
  "target": "bmv2",
  "p4info": "build/basic-z.p4.p4info.txt",
  "bmv2_json": "build/basic-z.json",
  "table_entries": [
    {
      "table": "MyIngress.ipv4_lpm",
      "match": {
        "hdr.ipv4.dstAddr": ["10.0.1.2", 32]
      },
      "action_name": "MyIngress.ipv4_forward",
      "action_params": {
        "dstAddr": "08:00:00:00:01:22",
        "port": 1
      }
    },
    {
      "table": "MyIngress.ipv4_lpm",
      "match": {
        "hdr.ipv4.dstAddr": ["10.0.1.1", 32]
      },
      "action_name": "MyIngress.ipv4_forward",
      "action_params": {
        "dstAddr": "08:00:00:00:01:11",
        "port": 2
      }
    },
    {
      "table": "MyIngress.gzip",
      "match": {
	"standard_metadata.egress_spec": 2
      },
      "action_name": "MyIngress.gzip_deflate",
      "action_params": {}
    },
    {
      "table": "MyIngress.gzip",
      "match": {
	"standard_metadata.egress_spec": 1
      },
      "action_name": "MyIngress.gzip_inflate",
      "action_params": { }
    }
  ]
}

