{
    "hosts": {
        "h1": {"ip": "10.0.1.1/32", "mac": "08:00:00:00:01:11",
               "commands":["route add default dev eth0",
                           "arp -i eth0 -s 10.0.1.2 08:00:00:00:01:22"]},
        "h2": {"ip": "10.0.1.2/32", "mac": "08:00:00:00:01:22",
               "commands":["route add default dev eth0",
                           "arp -i eth0 -s 10.0.1.1 08:00:00:00:01:11"]}
    },
    "switches": {
        "s1": { "runtime_json" : "s1-runtime.json" },
        "s2": { "runtime_json" : "s2-runtime.json" }
    },
    "links": [
        ["h1", "s1-p1"],
        ["h2", "s2-p1"],

        ["s1-p2", "s2-p2", 0, 0.5]
    ]
}
