{
  "header_types" : [
    {
      "name" : "scalars_0",
      "id" : 0,
      "fields" : []
    },
    {
      "name" : "standard_metadata",
      "id" : 1,
      "fields" : [
        ["ingress_port", 9, false],
        ["egress_spec", 9, false],
        ["egress_port", 9, false],
        ["instance_type", 32, false],
        ["packet_length", 32, false],
        ["enq_timestamp", 32, false],
        ["enq_qdepth", 19, false],
        ["deq_timedelta", 32, false],
        ["deq_qdepth", 19, false],
        ["ingress_global_timestamp", 48, false],
        ["egress_global_timestamp", 48, false],
        ["mcast_grp", 16, false],
        ["egress_rid", 16, false],
        ["checksum_error", 1, false],
        ["parser_error", 32, false],
        ["priority", 3, false],
        ["_padding", 3, false]
      ]
    },
    {
      "name" : "tag_t",
      "id" : 2,
      "fields" : [
        ["preamble", 8, false],
        ["dev_id", 8, false],
        ["tag_id", 8, false],
        ["proto", 8, false]
      ]
    }
  ],
  "headers" : [
    {
      "name" : "scalars",
      "id" : 0,
      "header_type" : "scalars_0",
      "metadata" : true,
      "pi_omit" : true
    },
    {
      "name" : "standard_metadata",
      "id" : 1,
      "header_type" : "standard_metadata",
      "metadata" : true,
      "pi_omit" : true
    },
    {
      "name" : "tag",
      "id" : 2,
      "header_type" : "tag_t",
      "metadata" : false,
      "pi_omit" : true
    }
  ],
  "header_stacks" : [],
  "header_union_types" : [],
  "header_unions" : [],
  "header_union_stacks" : [],
  "field_lists" : [],
  "errors" : [
    ["NoError", 1],
    ["PacketTooShort", 2],
    ["NoMatch", 3],
    ["StackOutOfBounds", 4],
    ["HeaderTooShort", 5],
    ["ParserTimeout", 6],
    ["ParserInvalidArgument", 7]
  ],
  "enums" : [],
  "parsers" : [
    {
      "name" : "parser",
      "id" : 0,
      "init_state" : "start",
      "parse_states" : [
        {
          "name" : "start",
          "id" : 0,
          "parser_ops" : [],
          "transitions" : [
            {
              "value" : "default",
              "mask" : null,
              "next_state" : null
            }
          ],
          "transition_key" : []
        }
      ]
    }
  ],
  "parse_vsets" : [],
  "deparsers" : [
    {
      "name" : "deparser",
      "id" : 0,
      "source_info" : {
        "filename" : "hub.p4",
        "line" : 104,
        "column" : 8,
        "source_fragment" : "MyDeparser"
      },
      "order" : ["tag"]
    }
  ],
  "meter_arrays" : [],
  "counter_arrays" : [],
  "register_arrays" : [],
  "calculations" : [],
  "learn_lists" : [],
  "actions" : [
    {
      "name" : "MyIngress.multicast",
      "id" : 0,
      "runtime_data" : [],
      "primitives" : [
        {
          "op" : "assign",
          "parameters" : [
            {
              "type" : "field",
              "value" : ["standard_metadata", "mcast_grp"]
            },
            {
              "type" : "hexstr",
              "value" : "0x0002"
            }
          ],
          "source_info" : {
            "filename" : "hub.p4",
            "line" : 62,
            "column" : 8,
            "source_fragment" : "standard_metadata.mcast_grp = 2"
          }
        }
      ]
    },
    {
      "name" : "MyEgress.drop",
      "id" : 1,
      "runtime_data" : [],
      "primitives" : [
        {
          "op" : "mark_to_drop",
          "parameters" : [
            {
              "type" : "header",
              "value" : "standard_metadata"
            }
          ],
          "source_info" : {
            "filename" : "hub.p4",
            "line" : 79,
            "column" : 8,
            "source_fragment" : "mark_to_drop(standard_metadata)"
          }
        }
      ]
    }
  ],
  "pipelines" : [
    {
      "name" : "ingress",
      "id" : 0,
      "source_info" : {
        "filename" : "hub.p4",
        "line" : 57,
        "column" : 8,
        "source_fragment" : "MyIngress"
      },
      "init_table" : "tbl_multicast",
      "tables" : [
        {
          "name" : "tbl_multicast",
          "id" : 0,
          "source_info" : {
            "filename" : "hub.p4",
            "line" : 66,
            "column" : 8,
            "source_fragment" : "multicast()"
          },
          "key" : [],
          "match_type" : "exact",
          "type" : "simple",
          "max_size" : 1024,
          "with_counters" : false,
          "support_timeout" : false,
          "direct_meters" : null,
          "action_ids" : [0],
          "actions" : ["MyIngress.multicast"],
          "base_default_next" : null,
          "next_tables" : {
            "MyIngress.multicast" : null
          },
          "default_entry" : {
            "action_id" : 0,
            "action_const" : true,
            "action_data" : [],
            "action_entry_const" : true
          }
        }
      ],
      "action_profiles" : [],
      "conditionals" : []
    },
    {
      "name" : "egress",
      "id" : 1,
      "source_info" : {
        "filename" : "hub.p4",
        "line" : 74,
        "column" : 8,
        "source_fragment" : "MyEgress"
      },
      "init_table" : "node_5",
      "tables" : [
        {
          "name" : "tbl_drop",
          "id" : 1,
          "source_info" : {
            "filename" : "hub.p4",
            "line" : 85,
            "column" : 12,
            "source_fragment" : "drop()"
          },
          "key" : [],
          "match_type" : "exact",
          "type" : "simple",
          "max_size" : 1024,
          "with_counters" : false,
          "support_timeout" : false,
          "direct_meters" : null,
          "action_ids" : [1],
          "actions" : ["MyEgress.drop"],
          "base_default_next" : null,
          "next_tables" : {
            "MyEgress.drop" : null
          },
          "default_entry" : {
            "action_id" : 1,
            "action_const" : true,
            "action_data" : [],
            "action_entry_const" : true
          }
        }
      ],
      "action_profiles" : [],
      "conditionals" : [
        {
          "name" : "node_5",
          "id" : 0,
          "source_info" : {
            "filename" : "hub.p4",
            "line" : 84,
            "column" : 12,
            "source_fragment" : "standard_metadata.egress_port == standard_metadata.ingress_port"
          },
          "expression" : {
            "type" : "expression",
            "value" : {
              "op" : "==",
              "left" : {
                "type" : "field",
                "value" : ["standard_metadata", "egress_port"]
              },
              "right" : {
                "type" : "field",
                "value" : ["standard_metadata", "ingress_port"]
              }
            }
          },
          "false_next" : null,
          "true_next" : "tbl_drop"
        }
      ]
    }
  ],
  "checksums" : [],
  "force_arith" : [],
  "extern_instances" : [],
  "field_aliases" : [
    [
      "queueing_metadata.enq_timestamp",
      ["standard_metadata", "enq_timestamp"]
    ],
    [
      "queueing_metadata.enq_qdepth",
      ["standard_metadata", "enq_qdepth"]
    ],
    [
      "queueing_metadata.deq_timedelta",
      ["standard_metadata", "deq_timedelta"]
    ],
    [
      "queueing_metadata.deq_qdepth",
      ["standard_metadata", "deq_qdepth"]
    ],
    [
      "intrinsic_metadata.ingress_global_timestamp",
      ["standard_metadata", "ingress_global_timestamp"]
    ],
    [
      "intrinsic_metadata.egress_global_timestamp",
      ["standard_metadata", "egress_global_timestamp"]
    ],
    [
      "intrinsic_metadata.mcast_grp",
      ["standard_metadata", "mcast_grp"]
    ],
    [
      "intrinsic_metadata.egress_rid",
      ["standard_metadata", "egress_rid"]
    ],
    [
      "intrinsic_metadata.priority",
      ["standard_metadata", "priority"]
    ]
  ],
  "program" : "hub.p4",
  "__meta__" : {
    "version" : [2, 18],
    "compiler" : "https://github.com/p4lang/p4c"
  }
}